Party,PersonalPageRankEast,PersonalPageRankWest,Amount of Nodes,PersonalPageRankEast/Amount of Nodes,PersonalPageRankWest/Amount of Nodes,PersonalPageRankEast/PersonalPageRankWest,PersonalPageRankEast/PersonalPageRankWest/Amount of Nodes,Year
CDU,0.07609501766013942,0.22677492329769383,5,0.015219003532027884,0.045354984659538765,0.3355530521346372,0.06711061042692744,1995
FDP,0.2017604344587315,0.05220568022447375,2,0.10088021722936576,0.026102840112236875,3.864721876837978,1.932360938418989,1995
CSU,1.0548236184703623e-17,0.07453416149068325,2,5.274118092351811e-18,0.03726708074534162,1.4152216881144024e-16,7.076108440572012e-17,1995
